{
    "Colleague": 6.398213204,
    "Engaged":	6.492444534,
    "Excited": 6.140326849,
    "EyeContact":	6.39249702,
    "Smiled": 6.418174293,
    "SpeakingRate": 4.64177682,
    "NoFillers":	5.768629208,
    "Friendly": 6.61158389,
    "Paused": 6.421609969,
    "EngagingTone": 6.279073848,
    "StructuredAnswers": 6.026200758, 
    "Calm": 6.108966944,
    "NotStressed": 5.989827588, 
    "Focused": 6.728405132,
    "Authentic": 6.068455253,
    "NotAwkward":	6.537313649
  }